time,glu,calories,gap_minute,glu_diff,slope
2023-03-03 18:32:00,120.0,,0,0.0,
2023-03-03 18:45:00,111.0,,13,-9.0,-0.6923076923076923
2023-03-03 18:47:00,110.0,,2,-1.0,-0.5
2023-03-03 19:02:00,100.0,,15,-10.0,-0.6666666666666666
2023-03-03 19:18:00,83.0,200.0,16,-17.0,-1.0625
2023-03-03 19:33:00,112.0,,15,29.0,1.9333333333333333
2023-03-03 19:48:00,113.0,,15,1.0,0.06666666666666667
2023-03-03 20:14:00,127.0,,26,14.0,0.5384615384615384
2023-03-03 22:21:00,115.0,,127,-12.0,-0.09448818897637795
2023-03-03 22:36:00,107.0,,15,-8.0,-0.5333333333333333
2023-03-03 22:51:00,109.0,,15,2.0,0.13333333333333333
2023-03-03 23:06:00,120.0,,15,11.0,0.7333333333333333
2023-03-03 23:21:00,119.0,,15,-1.0,-0.06666666666666667
2023-03-03 23:36:00,107.0,,15,-12.0,-0.8
2023-03-03 23:51:00,98.0,,15,-9.0,-0.6
2023-03-04 00:06:00,97.0,,15,-1.0,-0.06666666666666667
2023-03-04 00:21:00,98.0,,15,1.0,0.06666666666666667
2023-03-04 00:36:00,103.0,,15,5.0,0.3333333333333333
2023-03-04 00:51:00,104.0,,15,1.0,0.06666666666666667
2023-03-04 01:06:00,97.0,,15,-7.0,-0.4666666666666667
2023-03-04 01:21:00,92.0,,15,-5.0,-0.3333333333333333
2023-03-04 01:36:00,93.0,,15,1.0,0.06666666666666667
2023-03-04 01:51:00,97.0,,15,4.0,0.26666666666666666
2023-03-04 02:06:00,107.0,,15,10.0,0.6666666666666666
2023-03-04 02:21:00,113.0,,15,6.0,0.4
2023-03-04 02:36:00,111.0,,15,-2.0,-0.13333333333333333
2023-03-04 02:51:00,107.0,,15,-4.0,-0.26666666666666666
2023-03-04 03:06:00,109.0,,15,2.0,0.13333333333333333
2023-03-04 03:21:00,111.0,,15,2.0,0.13333333333333333
2023-03-04 03:36:00,108.0,,15,-3.0,-0.2
2023-03-04 03:51:00,101.0,,15,-7.0,-0.4666666666666667
2023-03-04 04:06:00,99.0,,15,-2.0,-0.13333333333333333
2023-03-04 04:21:00,100.0,,15,1.0,0.06666666666666667
2023-03-04 04:36:00,101.0,,15,1.0,0.06666666666666667
2023-03-04 04:51:00,100.0,,15,-1.0,-0.06666666666666667
2023-03-04 05:06:00,92.0,,15,-8.0,-0.5333333333333333
2023-03-04 05:21:00,85.0,,15,-7.0,-0.4666666666666667
2023-03-04 05:36:00,95.0,,15,10.0,0.6666666666666666
2023-03-04 05:51:00,105.0,,15,10.0,0.6666666666666666
2023-03-04 06:07:00,104.0,,16,-1.0,-0.0625
2023-03-04 06:13:00,101.0,-450.0,6,-3.0,-0.5
2023-03-04 06:22:00,105.0,,9,4.0,0.4444444444444444
2023-03-04 06:37:00,107.0,,15,2.0,0.13333333333333333
2023-03-04 06:52:00,106.0,,15,-1.0,-0.06666666666666667
2023-03-04 07:07:00,103.0,,15,-3.0,-0.2
2023-03-04 07:22:00,101.0,,15,-2.0,-0.13333333333333333
2023-03-04 07:37:00,102.0,,15,1.0,0.06666666666666667
2023-03-04 07:52:00,104.0,,15,2.0,0.13333333333333333
2023-03-04 08:07:00,107.0,,15,3.0,0.2
2023-03-04 08:22:00,112.0,,15,5.0,0.3333333333333333
2023-03-04 08:37:00,113.0,,15,1.0,0.06666666666666667
2023-03-04 08:52:00,112.0,,15,-1.0,-0.06666666666666667
2023-03-04 09:07:00,115.0,,15,3.0,0.2
2023-03-04 09:22:00,119.0,,15,4.0,0.26666666666666666
2023-03-04 09:38:00,119.0,,16,0.0,0.0
2023-03-04 09:40:00,114.0,319.0,2,-5.0,-2.5
2023-03-04 09:53:00,118.0,,13,4.0,0.3076923076923077
2023-03-04 10:08:00,116.0,,15,-2.0,-0.13333333333333333
2023-03-04 10:23:00,111.0,,15,-5.0,-0.3333333333333333
2023-03-04 10:38:00,106.0,,15,-5.0,-0.3333333333333333
2023-03-04 10:53:00,108.0,,15,2.0,0.13333333333333333
2023-03-04 11:08:00,110.0,,15,2.0,0.13333333333333333
2023-03-04 11:23:00,112.0,,15,2.0,0.13333333333333333
2023-03-04 11:24:00,105.0,-62.0,1,-7.0,-7.0
2023-03-04 11:38:00,113.0,,14,8.0,0.5714285714285714
2023-03-04 11:50:00,116.0,150.0,12,3.0,0.25
2023-03-04 11:53:00,109.0,,3,-7.0,-2.3333333333333335
2023-03-04 12:08:00,141.0,,15,32.0,2.1333333333333333
2023-03-04 12:09:00,136.0,,1,-5.0,-5.0
2023-03-04 12:24:00,135.0,,15,-1.0,-0.06666666666666667
2023-03-04 12:39:00,121.0,,15,-14.0,-0.9333333333333333
2023-03-04 12:54:00,119.0,,15,-2.0,-0.13333333333333333
2023-03-04 13:09:00,120.0,,15,1.0,0.06666666666666667
2023-03-04 13:24:00,120.0,,15,0.0,0.0
2023-03-04 13:39:00,119.0,,15,-1.0,-0.06666666666666667
2023-03-04 13:54:00,117.0,,15,-2.0,-0.13333333333333333
2023-03-04 14:08:00,112.0,,14,-5.0,-0.35714285714285715
2023-03-04 14:10:00,112.0,,2,0.0,0.0
2023-03-04 14:23:00,109.0,,13,-3.0,-0.23076923076923078
2023-03-04 14:38:00,110.0,,15,1.0,0.06666666666666667
2023-03-04 14:53:00,111.0,,15,1.0,0.06666666666666667
2023-03-04 15:08:00,109.0,,15,-2.0,-0.13333333333333333
2023-03-04 15:23:00,110.0,,15,1.0,0.06666666666666667
2023-03-04 15:38:00,131.0,,15,21.0,1.4
2023-03-04 15:50:00,175.0,1200.0,12,44.0,3.6666666666666665
2023-03-04 15:55:00,186.0,,5,11.0,2.2
2023-03-04 16:03:00,179.0,,8,-7.0,-0.875
2023-03-04 16:10:00,163.0,,7,-16.0,-2.2857142857142856
2023-03-04 16:25:00,131.0,,15,-32.0,-2.1333333333333333
2023-03-04 16:40:00,113.0,,15,-18.0,-1.2
2023-03-04 16:55:00,121.0,,15,8.0,0.5333333333333333
2023-03-04 17:10:00,123.0,,15,2.0,0.13333333333333333
2023-03-04 17:25:00,108.0,,15,-15.0,-1.0
2023-03-04 17:40:00,118.0,,15,10.0,0.6666666666666666
2023-03-04 17:55:00,141.0,,15,23.0,1.5333333333333334
2023-03-04 18:10:00,134.0,,15,-7.0,-0.4666666666666667
2023-03-04 18:25:00,113.0,,15,-21.0,-1.4
2023-03-04 18:40:00,107.0,,15,-6.0,-0.4
2023-03-04 18:47:00,103.0,-50.0,7,-4.0,-0.5714285714285714
2023-03-04 18:55:00,108.0,,8,5.0,0.625
2023-03-04 18:57:00,109.0,,2,1.0,0.5
2023-03-04 19:10:00,107.0,,13,-2.0,-0.15384615384615385
2023-03-04 19:25:00,120.0,,15,13.0,0.8666666666666667
2023-03-04 19:40:00,125.0,,15,5.0,0.3333333333333333
2023-03-04 19:55:00,107.0,,15,-18.0,-1.2
2023-03-04 20:10:00,96.0,,15,-11.0,-0.7333333333333333
2023-03-04 20:25:00,104.0,,15,8.0,0.5333333333333333
2023-03-04 20:40:00,109.0,,15,5.0,0.3333333333333333
2023-03-04 20:56:00,105.0,,16,-4.0,-0.25
2023-03-04 21:07:00,99.0,,11,-6.0,-0.5454545454545454
2023-03-04 21:11:00,100.0,,4,1.0,0.25
2023-03-04 21:26:00,102.0,,15,2.0,0.13333333333333333
2023-03-04 21:41:00,101.0,,15,-1.0,-0.06666666666666667
2023-03-04 21:56:00,93.0,,15,-8.0,-0.5333333333333333
2023-03-04 22:11:00,95.0,,15,2.0,0.13333333333333333
2023-03-04 22:26:00,100.0,,15,5.0,0.3333333333333333
2023-03-04 22:31:00,102.0,,5,2.0,0.4
2023-03-04 22:41:00,106.0,,10,4.0,0.4
2023-03-04 22:56:00,116.0,,15,10.0,0.6666666666666666
2023-03-04 23:11:00,117.0,,15,1.0,0.06666666666666667
2023-03-04 23:26:00,107.0,,15,-10.0,-0.6666666666666666
2023-03-04 23:41:00,98.0,,15,-9.0,-0.6
2023-03-04 23:56:00,98.0,,15,0.0,0.0
2023-03-05 00:11:00,100.0,,15,2.0,0.13333333333333333
2023-03-05 00:15:00,98.0,240.0,4,-2.0,-0.5
2023-03-05 00:27:00,104.0,,12,6.0,0.5
2023-03-05 00:28:00,97.0,,1,-7.0,-7.0
2023-03-05 00:42:00,114.0,,14,17.0,1.2142857142857142
2023-03-05 00:57:00,126.0,,15,12.0,0.8
2023-03-05 01:12:00,126.0,,15,0.0,0.0
2023-03-05 01:27:00,120.0,,15,-6.0,-0.4
2023-03-05 01:42:00,120.0,,15,0.0,0.0
2023-03-05 02:07:00,106.0,,25,-14.0,-0.56
2023-03-05 04:45:00,94.0,,158,-12.0,-0.0759493670886076
2023-03-05 05:00:00,101.0,,15,7.0,0.4666666666666667
2023-03-05 05:15:00,94.0,,15,-7.0,-0.4666666666666667
2023-03-05 05:30:00,82.0,,15,-12.0,-0.8
2023-03-05 05:45:00,86.0,,15,4.0,0.26666666666666666
2023-03-05 06:00:00,95.0,,15,9.0,0.6
2023-03-05 06:15:00,100.0,,15,5.0,0.3333333333333333
2023-03-05 06:30:00,102.0,,15,2.0,0.13333333333333333
2023-03-05 06:45:00,101.0,,15,-1.0,-0.06666666666666667
2023-03-05 07:00:00,99.0,,15,-2.0,-0.13333333333333333
2023-03-05 07:15:00,96.0,,15,-3.0,-0.2
2023-03-05 07:30:00,90.0,,15,-6.0,-0.4
2023-03-05 07:45:00,95.0,,15,5.0,0.3333333333333333
2023-03-05 08:00:00,105.0,,15,10.0,0.6666666666666666
2023-03-05 08:15:00,105.0,,15,0.0,0.0
2023-03-05 08:30:00,101.0,,15,-4.0,-0.26666666666666666
2023-03-05 08:45:00,100.0,,15,-1.0,-0.06666666666666667
2023-03-05 09:00:00,99.0,,15,-1.0,-0.06666666666666667
2023-03-05 09:15:00,100.0,,15,1.0,0.06666666666666667
2023-03-05 09:30:00,97.0,,15,-3.0,-0.2
2023-03-05 09:45:00,100.0,,15,3.0,0.2
2023-03-05 10:00:00,105.0,,15,5.0,0.3333333333333333
2023-03-05 10:15:00,106.0,,15,1.0,0.06666666666666667
2023-03-05 10:30:00,107.0,,15,1.0,0.06666666666666667
2023-03-05 10:45:00,110.0,,15,3.0,0.2
2023-03-05 11:00:00,111.0,,15,1.0,0.06666666666666667
2023-03-05 11:15:00,111.0,,15,0.0,0.0
2023-03-05 11:30:00,110.0,,15,-1.0,-0.06666666666666667
2023-03-05 11:45:00,108.0,,15,-2.0,-0.13333333333333333
2023-03-05 12:00:00,110.0,,15,2.0,0.13333333333333333
2023-03-05 12:15:00,111.0,,15,1.0,0.06666666666666667
2023-03-05 12:31:00,115.0,-450.0,16,4.0,0.25
2023-03-05 12:46:00,101.0,,15,-14.0,-0.9333333333333333
2023-03-05 13:01:00,106.0,,15,5.0,0.3333333333333333
2023-03-05 13:11:00,110.0,574.0,10,4.0,0.4
2023-03-05 13:16:00,125.0,,5,15.0,3.0
2023-03-05 13:31:00,132.0,,15,7.0,0.4666666666666667
2023-03-05 13:46:00,115.0,,15,-17.0,-1.1333333333333333
2023-03-05 14:01:00,96.0,,15,-19.0,-1.2666666666666666
2023-03-05 14:16:00,102.0,,15,6.0,0.4
2023-03-05 14:31:00,133.0,,15,31.0,2.066666666666667
2023-03-05 14:46:00,146.0,150.0,15,13.0,0.8666666666666667
2023-03-05 14:47:00,131.0,,1,-15.0,-15.0
2023-03-05 15:02:00,111.0,,15,-20.0,-1.3333333333333333
2023-03-05 15:17:00,96.0,,15,-15.0,-1.0
2023-03-05 15:32:00,101.0,,15,5.0,0.3333333333333333
2023-03-05 15:47:00,111.0,,15,10.0,0.6666666666666666
2023-03-05 16:02:00,108.0,,15,-3.0,-0.2
2023-03-05 16:17:00,106.0,,15,-2.0,-0.13333333333333333
2023-03-05 16:24:00,105.0,,7,-1.0,-0.14285714285714285
2023-03-05 16:32:00,107.0,,8,2.0,0.25
2023-03-05 16:47:00,106.0,,15,-1.0,-0.06666666666666667
2023-03-05 17:02:00,107.0,,15,1.0,0.06666666666666667
2023-03-05 17:17:00,104.0,,15,-3.0,-0.2
2023-03-05 17:32:00,96.0,,15,-8.0,-0.5333333333333333
2023-03-05 17:47:00,93.0,,15,-3.0,-0.2
2023-03-05 18:02:00,97.0,,15,4.0,0.26666666666666666
2023-03-05 18:12:00,102.0,,10,5.0,0.5
2023-03-05 18:13:00,102.0,230.0,1,0.0,0.0
2023-03-05 18:17:00,108.0,,4,6.0,1.5
2023-03-05 18:32:00,120.0,,15,12.0,0.8
2023-03-05 18:48:00,120.0,,16,0.0,0.0
2023-03-05 18:54:00,125.0,,6,5.0,0.8333333333333334
2023-03-05 19:03:00,113.0,,9,-12.0,-1.3333333333333333
2023-03-05 19:18:00,108.0,,15,-5.0,-0.3333333333333333
2023-03-05 19:33:00,102.0,,15,-6.0,-0.4
2023-03-05 19:48:00,99.0,,15,-3.0,-0.2
2023-03-05 20:03:00,97.0,,15,-2.0,-0.13333333333333333
2023-03-05 20:18:00,94.0,,15,-3.0,-0.2
2023-03-05 20:33:00,98.0,,15,4.0,0.26666666666666666
2023-03-05 20:45:00,130.0,618.0,12,32.0,2.6666666666666665
2023-03-05 20:48:00,121.0,,3,-9.0,-3.0
2023-03-05 21:03:00,131.0,,15,10.0,0.6666666666666666
2023-03-05 21:18:00,123.0,,15,-8.0,-0.5333333333333333
2023-03-05 21:33:00,120.0,,15,-3.0,-0.2
2023-03-05 21:48:00,121.0,,15,1.0,0.06666666666666667
2023-03-05 22:03:00,125.0,,15,4.0,0.26666666666666666
2023-03-05 22:19:00,130.0,,16,5.0,0.3125
2023-03-05 22:24:00,139.0,-100.0,5,9.0,1.8
2023-03-05 22:34:00,120.0,,10,-19.0,-1.9
2023-03-05 22:49:00,112.0,,15,-8.0,-0.5333333333333333
2023-03-05 23:04:00,128.0,,15,16.0,1.0666666666666667
2023-03-05 23:19:00,137.0,,15,9.0,0.6
2023-03-05 23:34:00,124.0,,15,-13.0,-0.8666666666666667
2023-03-05 23:49:00,111.0,,15,-13.0,-0.8666666666666667
2023-03-06 00:04:00,109.0,,15,-2.0,-0.13333333333333333
2023-03-06 00:19:00,107.0,,15,-2.0,-0.13333333333333333
2023-03-06 00:34:00,106.0,,15,-1.0,-0.06666666666666667
2023-03-06 00:49:00,115.0,,15,9.0,0.6
2023-03-06 01:04:00,122.0,,15,7.0,0.4666666666666667
2023-03-06 01:13:00,127.0,,9,5.0,0.5555555555555556
2023-03-06 01:19:00,115.0,,6,-12.0,-2.0
2023-03-06 01:34:00,109.0,,15,-6.0,-0.4
2023-03-06 01:49:00,105.0,,15,-4.0,-0.26666666666666666
2023-03-06 02:04:00,98.0,,15,-7.0,-0.4666666666666667
2023-03-06 02:19:00,99.0,,15,1.0,0.06666666666666667
2023-03-06 02:34:00,105.0,,15,6.0,0.4
2023-03-06 02:49:00,102.0,,15,-3.0,-0.2
2023-03-06 03:04:00,96.0,,15,-6.0,-0.4
2023-03-06 03:20:00,70.0,,16,-26.0,-1.625
2023-03-06 03:21:00,76.0,,1,6.0,6.0
2023-03-06 03:36:00,82.0,,15,6.0,0.4
2023-03-06 03:51:00,92.0,,15,10.0,0.6666666666666666
2023-03-06 04:06:00,88.0,,15,-4.0,-0.26666666666666666
2023-03-06 04:21:00,88.0,,15,0.0,0.0
2023-03-06 04:36:00,95.0,,15,7.0,0.4666666666666667
2023-03-06 04:51:00,93.0,,15,-2.0,-0.13333333333333333
2023-03-06 05:06:00,85.0,,15,-8.0,-0.5333333333333333
2023-03-06 05:21:00,75.0,,15,-10.0,-0.6666666666666666
2023-03-06 05:36:00,66.0,,15,-9.0,-0.6
2023-03-06 05:51:00,73.0,,15,7.0,0.4666666666666667
2023-03-06 06:06:00,86.0,,15,13.0,0.8666666666666667
2023-03-06 06:21:00,93.0,,15,7.0,0.4666666666666667
2023-03-06 06:36:00,92.0,,15,-1.0,-0.06666666666666667
2023-03-06 06:51:00,90.0,,15,-2.0,-0.13333333333333333
2023-03-06 07:06:00,91.0,,15,1.0,0.06666666666666667
2023-03-06 07:21:00,89.0,,15,-2.0,-0.13333333333333333
2023-03-06 07:36:00,82.0,,15,-7.0,-0.4666666666666667
2023-03-06 07:51:00,81.0,,15,-1.0,-0.06666666666666667
2023-03-06 08:02:00,66.0,-250.0,11,-15.0,-1.3636363636363635
2023-03-06 08:06:00,88.0,,4,22.0,5.5
2023-03-06 08:21:00,91.0,,15,3.0,0.2
2023-03-06 08:36:00,92.0,,15,1.0,0.06666666666666667
2023-03-06 08:51:00,95.0,,15,3.0,0.2
2023-03-06 09:06:00,96.0,,15,1.0,0.06666666666666667
2023-03-06 09:21:00,96.0,,15,0.0,0.0
2023-03-06 09:38:00,101.0,,17,5.0,0.29411764705882354
2023-03-06 09:43:00,95.0,,5,-6.0,-1.2
2023-03-06 09:53:00,101.0,,10,6.0,0.6
2023-03-06 10:08:00,95.0,,15,-6.0,-0.4
2023-03-06 10:23:00,93.0,,15,-2.0,-0.13333333333333333
2023-03-06 10:38:00,91.0,,15,-2.0,-0.13333333333333333
2023-03-06 10:53:00,88.0,,15,-3.0,-0.2
2023-03-06 11:08:00,90.0,,15,2.0,0.13333333333333333
2023-03-06 11:23:00,92.0,,15,2.0,0.13333333333333333
2023-03-06 11:38:00,94.0,,15,2.0,0.13333333333333333
2023-03-06 11:53:00,97.0,,15,3.0,0.2
2023-03-06 12:08:00,101.0,,15,4.0,0.26666666666666666
2023-03-06 12:23:00,115.0,,15,14.0,0.9333333333333333
2023-03-06 12:38:00,144.0,,15,29.0,1.9333333333333333
2023-03-06 12:53:00,154.0,,15,10.0,0.6666666666666666
2023-03-06 13:08:00,132.0,,15,-22.0,-1.4666666666666666
2023-03-06 13:23:00,108.0,,15,-24.0,-1.6
2023-03-06 13:38:00,103.0,,15,-5.0,-0.3333333333333333
2023-03-06 13:53:00,114.0,,15,11.0,0.7333333333333333
2023-03-06 14:08:00,134.0,,15,20.0,1.3333333333333333
2023-03-06 14:23:00,135.0,,15,1.0,0.06666666666666667
2023-03-06 14:38:00,111.0,,15,-24.0,-1.6
2023-03-06 14:41:00,91.0,,3,-20.0,-6.666666666666667
2023-03-06 14:53:00,81.0,,12,-10.0,-0.8333333333333334
2023-03-06 15:06:00,71.0,,13,-10.0,-0.7692307692307693
2023-03-06 15:08:00,86.0,,2,15.0,7.5
2023-03-06 15:23:00,102.0,,15,16.0,1.0666666666666667
2023-03-06 15:39:00,101.0,,16,-1.0,-0.0625
2023-03-06 15:46:00,101.0,,7,0.0,0.0
2023-03-06 15:54:00,98.0,,8,-3.0,-0.375
2023-03-06 16:09:00,100.0,,15,2.0,0.13333333333333333
2023-03-06 16:24:00,100.0,,15,0.0,0.0
2023-03-06 16:39:00,98.0,,15,-2.0,-0.13333333333333333
2023-03-06 16:54:00,99.0,,15,1.0,0.06666666666666667
2023-03-06 17:09:00,102.0,,15,3.0,0.2
2023-03-06 17:24:00,101.0,,15,-1.0,-0.06666666666666667
2023-03-06 17:39:00,96.0,,15,-5.0,-0.3333333333333333
2023-03-06 17:54:00,96.0,,15,0.0,0.0
2023-03-06 18:09:00,97.0,,15,1.0,0.06666666666666667
2023-03-06 18:24:00,95.0,,15,-2.0,-0.13333333333333333
2023-03-06 18:39:00,100.0,,15,5.0,0.3333333333333333
2023-03-06 18:51:00,98.0,,12,-2.0,-0.16666666666666666
2023-03-06 18:55:00,98.0,,4,0.0,0.0
2023-03-06 18:59:00,97.0,230.0,4,-1.0,-0.25
2023-03-06 19:10:00,100.0,,11,3.0,0.2727272727272727
2023-03-06 19:25:00,113.0,,15,13.0,0.8666666666666667
2023-03-06 19:40:00,132.0,,15,19.0,1.2666666666666666
2023-03-06 19:55:00,142.0,,15,10.0,0.6666666666666666
2023-03-06 20:10:00,136.0,,15,-6.0,-0.4
2023-03-06 20:25:00,126.0,,15,-10.0,-0.6666666666666666
2023-03-06 20:40:00,117.0,,15,-9.0,-0.6
2023-03-06 20:55:00,109.0,,15,-8.0,-0.5333333333333333
2023-03-06 21:10:00,105.0,,15,-4.0,-0.26666666666666666
2023-03-06 21:26:00,112.0,,16,7.0,0.4375
2023-03-06 21:33:00,115.0,1200.0,7,3.0,0.42857142857142855
2023-03-06 21:41:00,108.0,,8,-7.0,-0.875
2023-03-06 21:56:00,97.0,,15,-11.0,-0.7333333333333333
2023-03-06 22:11:00,106.0,,15,9.0,0.6
2023-03-06 22:26:00,115.0,,15,9.0,0.6
2023-03-06 22:41:00,107.0,,15,-8.0,-0.5333333333333333
2023-03-06 22:56:00,97.0,,15,-10.0,-0.6666666666666666
2023-03-06 23:11:00,96.0,,15,-1.0,-0.06666666666666667
2023-03-06 23:26:00,99.0,,15,3.0,0.2
2023-03-06 23:41:00,111.0,,15,12.0,0.8
2023-03-06 23:46:00,119.0,,5,8.0,1.6
2023-03-06 23:56:00,119.0,,10,0.0,0.0
2023-03-07 00:11:00,116.0,,15,-3.0,-0.2
2023-03-07 00:35:00,112.0,,24,-4.0,-0.16666666666666666
2023-03-07 03:14:00,98.0,,159,-14.0,-0.0880503144654088
2023-03-07 03:29:00,102.0,,15,4.0,0.26666666666666666
2023-03-07 03:44:00,101.0,,15,-1.0,-0.06666666666666667
2023-03-07 03:59:00,97.0,,15,-4.0,-0.26666666666666666
2023-03-07 04:14:00,93.0,,15,-4.0,-0.26666666666666666
2023-03-07 04:29:00,90.0,,15,-3.0,-0.2
2023-03-07 04:44:00,88.0,,15,-2.0,-0.13333333333333333
2023-03-07 04:59:00,85.0,,15,-3.0,-0.2
2023-03-07 05:14:00,89.0,,15,4.0,0.26666666666666666
2023-03-07 05:29:00,97.0,,15,8.0,0.5333333333333333
2023-03-07 05:44:00,95.0,,15,-2.0,-0.13333333333333333
2023-03-07 05:59:00,83.0,,15,-12.0,-0.8
2023-03-07 06:14:00,76.0,,15,-7.0,-0.4666666666666667
2023-03-07 06:29:00,77.0,,15,1.0,0.06666666666666667
2023-03-07 06:44:00,89.0,,15,12.0,0.8
2023-03-07 06:59:00,95.0,,15,6.0,0.4
2023-03-07 07:14:00,90.0,,15,-5.0,-0.3333333333333333
2023-03-07 07:29:00,96.0,,15,6.0,0.4
2023-03-07 07:44:00,101.0,,15,5.0,0.3333333333333333
2023-03-07 07:59:00,88.0,,15,-13.0,-0.8666666666666667
2023-03-07 08:14:00,78.0,,15,-10.0,-0.6666666666666666
2023-03-07 08:29:00,72.0,,15,-6.0,-0.4
2023-03-07 08:44:00,73.0,,15,1.0,0.06666666666666667
2023-03-07 08:59:00,86.0,,15,13.0,0.8666666666666667
2023-03-07 09:14:00,98.0,,15,12.0,0.8
2023-03-07 09:29:00,95.0,,15,-3.0,-0.2
2023-03-07 09:44:00,94.0,,15,-1.0,-0.06666666666666667
2023-03-07 09:59:00,91.0,,15,-3.0,-0.2
2023-03-07 10:14:00,89.0,,15,-2.0,-0.13333333333333333
2023-03-07 10:29:00,92.0,,15,3.0,0.2
2023-03-07 10:44:00,96.0,,15,4.0,0.26666666666666666
2023-03-07 11:01:00,106.0,,17,10.0,0.5882352941176471
2023-03-07 11:10:00,109.0,-240.0,9,3.0,0.3333333333333333
2023-03-07 11:16:00,111.0,,6,2.0,0.3333333333333333
2023-03-07 11:31:00,108.0,,15,-3.0,-0.2
2023-03-07 11:46:00,106.0,,15,-2.0,-0.13333333333333333
2023-03-07 12:01:00,109.0,,15,3.0,0.2
2023-03-07 12:16:00,110.0,,15,1.0,0.06666666666666667
2023-03-07 12:31:00,108.0,650.0,15,-2.0,-0.13333333333333333
2023-03-07 12:46:00,106.0,,15,-2.0,-0.13333333333333333
2023-03-07 13:01:00,105.0,,15,-1.0,-0.06666666666666667
2023-03-07 13:16:00,109.0,,15,4.0,0.26666666666666666
2023-03-07 13:31:00,131.0,,15,22.0,1.4666666666666666
2023-03-07 13:46:00,149.0,,15,18.0,1.2
2023-03-07 14:01:00,138.0,,15,-11.0,-0.7333333333333333
2023-03-07 14:16:00,119.0,,15,-19.0,-1.2666666666666666
2023-03-07 14:31:00,111.0,,15,-8.0,-0.5333333333333333
2023-03-07 14:46:00,113.0,,15,2.0,0.13333333333333333
2023-03-07 15:01:00,124.0,,15,11.0,0.7333333333333333
2023-03-07 15:16:00,131.0,,15,7.0,0.4666666666666667
2023-03-07 15:30:00,121.0,,14,-10.0,-0.7142857142857143
2023-03-07 15:45:00,96.0,-8.0,15,-25.0,-1.6666666666666667
2023-03-07 16:00:00,100.0,,15,4.0,0.26666666666666666
2023-03-07 16:15:00,140.0,,15,40.0,2.6666666666666665
2023-03-07 16:30:00,153.0,,15,13.0,0.8666666666666667
2023-03-07 16:45:00,132.0,,15,-21.0,-1.4
2023-03-07 17:00:00,145.0,,15,13.0,0.8666666666666667
2023-03-07 17:16:00,147.0,,16,2.0,0.125
2023-03-07 17:17:00,148.0,,1,1.0,1.0
2023-03-07 17:31:00,152.0,,14,4.0,0.2857142857142857
2023-03-07 17:43:00,156.0,,12,4.0,0.3333333333333333
2023-03-07 17:46:00,136.0,,3,-20.0,-6.666666666666667
2023-03-07 18:01:00,110.0,,15,-26.0,-1.7333333333333334
2023-03-07 18:16:00,102.0,,15,-8.0,-0.5333333333333333
2023-03-07 18:31:00,115.0,,15,13.0,0.8666666666666667
2023-03-07 18:46:00,119.0,,15,4.0,0.26666666666666666
2023-03-07 19:01:00,107.0,,15,-12.0,-0.8
2023-03-07 19:05:00,98.0,,4,-9.0,-2.25
2023-03-07 19:16:00,97.0,,11,-1.0,-0.09090909090909091
2023-03-07 19:31:00,96.0,,15,-1.0,-0.06666666666666667
2023-03-07 19:47:00,101.0,,16,5.0,0.3125
2023-03-07 19:55:00,103.0,,8,2.0,0.25
2023-03-07 20:02:00,106.0,,7,3.0,0.42857142857142855
2023-03-07 20:17:00,104.0,,15,-2.0,-0.13333333333333333
2023-03-07 20:32:00,95.0,,15,-9.0,-0.6
2023-03-07 20:47:00,94.0,,15,-1.0,-0.06666666666666667
2023-03-07 21:02:00,103.0,,15,9.0,0.6
2023-03-07 21:17:00,119.0,,15,16.0,1.0666666666666667
2023-03-07 21:33:00,150.0,,16,31.0,1.9375
2023-03-07 21:45:00,161.0,635.0,12,11.0,0.9166666666666666
2023-03-07 21:48:00,150.0,,3,-11.0,-3.6666666666666665
2023-03-07 22:03:00,133.0,,15,-17.0,-1.1333333333333333
2023-03-07 22:18:00,128.0,,15,-5.0,-0.3333333333333333
2023-03-07 22:33:00,132.0,,15,4.0,0.26666666666666666
2023-03-07 22:48:00,130.0,,15,-2.0,-0.13333333333333333
2023-03-07 23:03:00,121.0,,15,-9.0,-0.6
2023-03-07 23:18:00,114.0,,15,-7.0,-0.4666666666666667
2023-03-07 23:33:00,111.0,,15,-3.0,-0.2
2023-03-07 23:48:00,113.0,,15,2.0,0.13333333333333333
2023-03-07 23:49:00,112.0,,1,-1.0,-1.0
2023-03-08 00:05:00,90.0,,16,-22.0,-1.375
2023-03-08 00:09:00,58.0,,4,-32.0,-8.0
2023-03-08 00:20:00,75.0,,11,17.0,1.5454545454545454
2023-03-08 00:35:00,92.0,,15,17.0,1.1333333333333333
2023-03-08 00:50:00,113.0,,15,21.0,1.4
2023-03-08 01:05:00,111.0,,15,-2.0,-0.13333333333333333
2023-03-08 01:20:00,102.0,,15,-9.0,-0.6
2023-03-08 01:35:00,96.0,,15,-6.0,-0.4
2023-03-08 01:50:00,97.0,,15,1.0,0.06666666666666667
2023-03-08 02:05:00,98.0,,15,1.0,0.06666666666666667
2023-03-08 02:20:00,96.0,,15,-2.0,-0.13333333333333333
2023-03-08 02:35:00,96.0,,15,0.0,0.0
2023-03-08 02:50:00,90.0,,15,-6.0,-0.4
2023-03-08 03:05:00,80.0,,15,-10.0,-0.6666666666666666
2023-03-08 03:20:00,73.0,,15,-7.0,-0.4666666666666667
2023-03-08 03:35:00,79.0,,15,6.0,0.4
2023-03-08 03:50:00,89.0,,15,10.0,0.6666666666666666
2023-03-08 04:05:00,96.0,,15,7.0,0.4666666666666667
2023-03-08 04:20:00,103.0,,15,7.0,0.4666666666666667
2023-03-08 04:35:00,105.0,,15,2.0,0.13333333333333333
2023-03-08 04:50:00,110.0,,15,5.0,0.3333333333333333
2023-03-08 05:05:00,111.0,,15,1.0,0.06666666666666667
2023-03-08 05:20:00,104.0,,15,-7.0,-0.4666666666666667
2023-03-08 05:35:00,99.0,,15,-5.0,-0.3333333333333333
2023-03-08 05:50:00,100.0,,15,1.0,0.06666666666666667
2023-03-08 06:05:00,101.0,,15,1.0,0.06666666666666667
2023-03-08 06:20:00,98.0,,15,-3.0,-0.2
2023-03-08 06:35:00,97.0,,15,-1.0,-0.06666666666666667
2023-03-08 06:50:00,101.0,,15,4.0,0.26666666666666666
2023-03-08 07:05:00,100.0,,15,-1.0,-0.06666666666666667
2023-03-08 07:20:00,100.0,,15,0.0,0.0
2023-03-08 07:35:00,102.0,,15,2.0,0.13333333333333333
2023-03-08 07:51:00,103.0,,16,1.0,0.0625
2023-03-08 08:01:00,104.0,-240.0,10,1.0,0.1
2023-03-08 08:06:00,102.0,,5,-2.0,-0.4
2023-03-08 08:21:00,100.0,,15,-2.0,-0.13333333333333333
2023-03-08 08:36:00,100.0,,15,0.0,0.0
2023-03-08 08:51:00,102.0,,15,2.0,0.13333333333333333
2023-03-08 09:06:00,105.0,,15,3.0,0.2
2023-03-08 09:21:00,104.0,,15,-1.0,-0.06666666666666667
2023-03-08 09:36:00,105.0,,15,1.0,0.06666666666666667
2023-03-08 09:51:00,117.0,,15,12.0,0.8
2023-03-08 10:01:00,131.0,926.0,10,14.0,1.4
2023-03-08 10:06:00,148.0,,5,17.0,3.4
2023-03-08 10:21:00,171.0,,15,23.0,1.5333333333333334
2023-03-08 10:36:00,163.0,,15,-8.0,-0.5333333333333333
2023-03-08 10:51:00,135.0,,15,-28.0,-1.8666666666666667
2023-03-08 11:06:00,121.0,,15,-14.0,-0.9333333333333333
2023-03-08 11:21:00,127.0,,15,6.0,0.4
2023-03-08 11:36:00,135.0,,15,8.0,0.5333333333333333
2023-03-08 11:51:00,125.0,,15,-10.0,-0.6666666666666666
2023-03-08 12:06:00,105.0,,15,-20.0,-1.3333333333333333
2023-03-08 12:21:00,101.0,,15,-4.0,-0.26666666666666666
2023-03-08 12:36:00,108.0,,15,7.0,0.4666666666666667
2023-03-08 12:51:00,110.0,,15,2.0,0.13333333333333333
2023-03-08 13:06:00,93.0,,15,-17.0,-1.1333333333333333
2023-03-08 13:19:00,69.0,-62.0,13,-24.0,-1.8461538461538463
2023-03-08 13:21:00,68.0,,2,-1.0,-0.5
2023-03-08 13:22:00,84.0,,1,16.0,16.0
2023-03-08 13:37:00,89.0,,15,5.0,0.3333333333333333
2023-03-08 13:52:00,96.0,,15,7.0,0.4666666666666667
2023-03-08 13:54:00,92.0,,2,-4.0,-2.0
2023-03-08 14:07:00,100.0,,13,8.0,0.6153846153846154
2023-03-08 14:23:00,102.0,,16,2.0,0.125
2023-03-08 14:34:00,101.0,170.0,11,-1.0,-0.09090909090909091
2023-03-08 14:38:00,118.0,,4,17.0,4.25
2023-03-08 14:53:00,135.0,,15,17.0,1.1333333333333333
2023-03-08 15:08:00,123.0,,15,-12.0,-0.8
2023-03-08 15:23:00,103.0,,15,-20.0,-1.3333333333333333
2023-03-08 15:38:00,108.0,,15,5.0,0.3333333333333333
2023-03-08 15:53:00,123.0,,15,15.0,1.0
2023-03-08 16:08:00,112.0,,15,-11.0,-0.7333333333333333
2023-03-08 16:23:00,94.0,,15,-18.0,-1.2
2023-03-08 16:38:00,90.0,,15,-4.0,-0.26666666666666666
2023-03-08 16:53:00,94.0,,15,4.0,0.26666666666666666
2023-03-08 17:08:00,97.0,,15,3.0,0.2
2023-03-08 17:23:00,97.0,,15,0.0,0.0
2023-03-08 17:39:00,87.0,,16,-10.0,-0.625
2023-03-08 17:40:00,91.0,,1,4.0,4.0
2023-03-08 17:55:00,94.0,,15,3.0,0.2
2023-03-08 18:10:00,99.0,,15,5.0,0.3333333333333333
2023-03-08 18:25:00,98.0,650.0,15,-1.0,-0.06666666666666667
2023-03-08 18:40:00,98.0,,15,0.0,0.0
2023-03-08 18:55:00,107.0,,15,9.0,0.6
2023-03-08 19:10:00,120.0,,15,13.0,0.8666666666666667
2023-03-08 19:25:00,131.0,,15,11.0,0.7333333333333333
2023-03-08 19:40:00,149.0,,15,18.0,1.2
2023-03-08 19:55:00,148.0,,15,-1.0,-0.06666666666666667
2023-03-08 20:10:00,122.0,,15,-26.0,-1.7333333333333334
2023-03-08 20:25:00,114.0,,15,-8.0,-0.5333333333333333
2023-03-08 20:40:00,128.0,,15,14.0,0.9333333333333333
2023-03-08 20:55:00,136.0,,15,8.0,0.5333333333333333
2023-03-08 21:10:00,132.0,,15,-4.0,-0.26666666666666666
2023-03-08 21:25:00,119.0,,15,-13.0,-0.8666666666666667
2023-03-08 21:40:00,114.0,,15,-5.0,-0.3333333333333333
2023-03-08 21:55:00,109.0,,15,-5.0,-0.3333333333333333
2023-03-08 22:10:00,101.0,,15,-8.0,-0.5333333333333333
2023-03-08 22:25:00,95.0,,15,-6.0,-0.4
2023-03-08 22:40:00,95.0,,15,0.0,0.0
2023-03-08 22:55:00,96.0,,15,1.0,0.06666666666666667
2023-03-08 23:10:00,94.0,,15,-2.0,-0.13333333333333333
2023-03-08 23:25:00,95.0,,15,1.0,0.06666666666666667
2023-03-08 23:40:00,99.0,,15,4.0,0.26666666666666666
2023-03-08 23:52:00,97.0,,12,-2.0,-0.16666666666666666
2023-03-08 23:55:00,101.0,,3,4.0,1.3333333333333333
2023-03-09 00:10:00,102.0,,15,1.0,0.06666666666666667
2023-03-09 00:25:00,99.0,,15,-3.0,-0.2
2023-03-09 00:40:00,93.0,,15,-6.0,-0.4
2023-03-09 01:00:00,68.0,,20,-25.0,-1.25
2023-03-09 06:14:00,96.0,,314,28.0,0.08917197452229299
2023-03-09 06:29:00,102.0,,15,6.0,0.4
2023-03-09 06:44:00,109.0,,15,7.0,0.4666666666666667
2023-03-09 06:59:00,112.0,,15,3.0,0.2
2023-03-09 07:14:00,107.0,,15,-5.0,-0.3333333333333333
2023-03-09 07:29:00,106.0,,15,-1.0,-0.06666666666666667
2023-03-09 07:44:00,106.0,,15,0.0,0.0
2023-03-09 07:59:00,105.0,,15,-1.0,-0.06666666666666667
2023-03-09 08:14:00,104.0,,15,-1.0,-0.06666666666666667
2023-03-09 08:29:00,101.0,,15,-3.0,-0.2
2023-03-09 08:44:00,96.0,,15,-5.0,-0.3333333333333333
2023-03-09 08:59:00,95.0,,15,-1.0,-0.06666666666666667
2023-03-09 09:14:00,99.0,,15,4.0,0.26666666666666666
2023-03-09 09:29:00,101.0,,15,2.0,0.13333333333333333
2023-03-09 09:44:00,104.0,,15,3.0,0.2
2023-03-09 09:59:00,111.0,,15,7.0,0.4666666666666667
2023-03-09 10:14:00,114.0,,15,3.0,0.2
2023-03-09 10:29:00,111.0,,15,-3.0,-0.2
2023-03-09 10:44:00,108.0,,15,-3.0,-0.2
2023-03-09 10:59:00,108.0,,15,0.0,0.0
2023-03-09 11:14:00,109.0,,15,1.0,0.06666666666666667
2023-03-09 11:29:00,111.0,,15,2.0,0.13333333333333333
2023-03-09 11:44:00,111.0,,15,0.0,0.0
2023-03-09 11:59:00,112.0,,15,1.0,0.06666666666666667
2023-03-09 12:14:00,113.0,,15,1.0,0.06666666666666667
2023-03-09 12:29:00,114.0,,15,1.0,0.06666666666666667
2023-03-09 12:44:00,124.0,,15,10.0,0.6666666666666666
2023-03-09 12:59:00,136.0,,15,12.0,0.8
2023-03-09 13:14:00,127.0,,15,-9.0,-0.6
2023-03-09 13:29:00,108.0,,15,-19.0,-1.2666666666666666
2023-03-09 13:44:00,106.0,,15,-2.0,-0.13333333333333333
2023-03-09 13:59:00,109.0,,15,3.0,0.2
2023-03-09 14:01:00,111.0,650.0,2,2.0,1.0
2023-03-09 14:15:00,91.0,,14,-20.0,-1.4285714285714286
2023-03-09 14:16:00,69.0,,1,-22.0,-22.0
2023-03-09 14:30:00,104.0,,14,35.0,2.5
2023-03-09 14:45:00,119.0,,15,15.0,1.0
2023-03-09 15:00:00,116.0,,15,-3.0,-0.2
2023-03-09 15:15:00,113.0,,15,-3.0,-0.2
2023-03-09 15:30:00,113.0,,15,0.0,0.0
2023-03-09 15:45:00,115.0,,15,2.0,0.13333333333333333
2023-03-09 16:00:00,122.0,,15,7.0,0.4666666666666667
2023-03-09 16:15:00,126.0,,15,4.0,0.26666666666666666
2023-03-09 16:30:00,120.0,,15,-6.0,-0.4
2023-03-09 16:45:00,120.0,,15,0.0,0.0
2023-03-09 17:00:00,119.0,,15,-1.0,-0.06666666666666667
2023-03-09 17:15:00,108.0,,15,-11.0,-0.7333333333333333
2023-03-09 17:30:00,105.0,,15,-3.0,-0.2
2023-03-09 17:45:00,103.0,,15,-2.0,-0.13333333333333333
2023-03-09 18:00:00,98.0,,15,-5.0,-0.3333333333333333
2023-03-09 18:15:00,104.0,,15,6.0,0.4
2023-03-09 18:30:00,115.0,,15,11.0,0.7333333333333333
2023-03-09 18:45:00,109.0,,15,-6.0,-0.4
2023-03-09 19:00:00,95.0,,15,-14.0,-0.9333333333333333
2023-03-09 19:15:00,104.0,,15,9.0,0.6
2023-03-09 19:31:00,134.0,,16,30.0,1.875
2023-03-09 19:40:00,131.0,843.0,9,-3.0,-0.3333333333333333
2023-03-09 19:46:00,114.0,,6,-17.0,-2.8333333333333335
2023-03-09 20:01:00,115.0,,15,1.0,0.06666666666666667
2023-03-09 20:16:00,132.0,,15,17.0,1.1333333333333333
2023-03-09 20:31:00,124.0,,15,-8.0,-0.5333333333333333
2023-03-09 20:46:00,115.0,,15,-9.0,-0.6
2023-03-09 21:03:00,123.0,,17,8.0,0.47058823529411764
2023-03-09 21:04:00,135.0,-50.0,1,12.0,12.0
2023-03-09 21:18:00,120.0,,14,-15.0,-1.0714285714285714
2023-03-09 21:33:00,107.0,,15,-13.0,-0.8666666666666667
2023-03-09 21:48:00,113.0,,15,6.0,0.4
2023-03-09 22:03:00,123.0,,15,10.0,0.6666666666666666
2023-03-09 22:18:00,125.0,,15,2.0,0.13333333333333333
2023-03-09 22:33:00,122.0,,15,-3.0,-0.2
2023-03-09 22:48:00,109.0,,15,-13.0,-0.8666666666666667
2023-03-09 23:03:00,99.0,,15,-10.0,-0.6666666666666666
2023-03-09 23:18:00,103.0,,15,4.0,0.26666666666666666
2023-03-09 23:33:00,106.0,,15,3.0,0.2
2023-03-09 23:48:00,110.0,,15,4.0,0.26666666666666666
2023-03-10 00:03:00,107.0,,15,-3.0,-0.2
2023-03-10 00:18:00,99.0,,15,-8.0,-0.5333333333333333
2023-03-10 00:33:00,101.0,,15,2.0,0.13333333333333333
2023-03-10 00:48:00,105.0,,15,4.0,0.26666666666666666
2023-03-10 01:03:00,101.0,,15,-4.0,-0.26666666666666666
2023-03-10 01:18:00,96.0,,15,-5.0,-0.3333333333333333
2023-03-10 01:33:00,93.0,,15,-3.0,-0.2
2023-03-10 01:48:00,92.0,,15,-1.0,-0.06666666666666667
2023-03-10 02:03:00,91.0,,15,-1.0,-0.06666666666666667
2023-03-10 02:18:00,92.0,,15,1.0,0.06666666666666667
2023-03-10 02:33:00,92.0,,15,0.0,0.0
2023-03-10 02:50:00,80.0,,17,-12.0,-0.7058823529411765
2023-03-10 05:06:00,95.0,,136,15.0,0.11029411764705882
2023-03-10 05:21:00,96.0,,15,1.0,0.06666666666666667
2023-03-10 05:36:00,98.0,,15,2.0,0.13333333333333333
2023-03-10 05:51:00,97.0,,15,-1.0,-0.06666666666666667
2023-03-10 06:06:00,96.0,,15,-1.0,-0.06666666666666667
2023-03-10 06:21:00,97.0,,15,1.0,0.06666666666666667
2023-03-10 06:36:00,100.0,,15,3.0,0.2
2023-03-10 06:51:00,105.0,,15,5.0,0.3333333333333333
2023-03-10 07:06:00,105.0,,15,0.0,0.0
2023-03-10 07:21:00,103.0,,15,-2.0,-0.13333333333333333
2023-03-10 07:36:00,103.0,,15,0.0,0.0
2023-03-10 07:51:00,103.0,,15,0.0,0.0
2023-03-10 08:06:00,102.0,,15,-1.0,-0.06666666666666667
2023-03-10 08:21:00,102.0,,15,0.0,0.0
2023-03-10 08:36:00,101.0,,15,-1.0,-0.06666666666666667
2023-03-10 08:51:00,102.0,,15,1.0,0.06666666666666667
2023-03-10 09:06:00,105.0,,15,3.0,0.2
2023-03-10 09:21:00,105.0,,15,0.0,0.0
2023-03-10 09:36:00,105.0,,15,0.0,0.0
2023-03-10 09:51:00,105.0,,15,0.0,0.0
2023-03-10 10:06:00,105.0,,15,0.0,0.0
2023-03-10 10:21:00,102.0,,15,-3.0,-0.2
2023-03-10 10:36:00,101.0,,15,-1.0,-0.06666666666666667
2023-03-10 10:51:00,102.0,,15,1.0,0.06666666666666667
2023-03-10 11:06:00,101.0,,15,-1.0,-0.06666666666666667
2023-03-10 11:21:00,108.0,,15,7.0,0.4666666666666667
2023-03-10 11:36:00,129.0,,15,21.0,1.4
2023-03-10 11:51:00,144.0,,15,15.0,1.0
2023-03-10 12:06:00,128.0,,15,-16.0,-1.0666666666666667
2023-03-10 12:21:00,99.0,,15,-29.0,-1.9333333333333333
2023-03-10 12:36:00,95.0,,15,-4.0,-0.26666666666666666
2023-03-10 12:52:00,104.0,,16,9.0,0.5625
2023-03-10 12:54:00,104.0,282.0,2,0.0,0.0
2023-03-10 13:07:00,105.0,,13,1.0,0.07692307692307693
2023-03-10 13:22:00,105.0,,15,0.0,0.0
2023-03-10 13:37:00,103.0,,15,-2.0,-0.13333333333333333
2023-03-10 13:52:00,101.0,,15,-2.0,-0.13333333333333333
2023-03-10 14:07:00,99.0,,15,-2.0,-0.13333333333333333
2023-03-10 14:22:00,98.0,,15,-1.0,-0.06666666666666667
2023-03-10 14:37:00,98.0,,15,0.0,0.0
2023-03-10 14:52:00,99.0,,15,1.0,0.06666666666666667
2023-03-10 15:07:00,103.0,,15,4.0,0.26666666666666666
2023-03-10 15:22:00,106.0,,15,3.0,0.2
2023-03-10 15:37:00,105.0,,15,-1.0,-0.06666666666666667
2023-03-10 15:50:00,102.0,492.0,13,-3.0,-0.23076923076923078
2023-03-10 15:52:00,105.0,,2,3.0,1.5
2023-03-10 16:07:00,108.0,,15,3.0,0.2
2023-03-10 16:22:00,110.0,,15,2.0,0.13333333333333333
2023-03-10 16:37:00,110.0,,15,0.0,0.0
2023-03-10 16:52:00,109.0,,15,-1.0,-0.06666666666666667
2023-03-10 17:07:00,106.0,,15,-3.0,-0.2
2023-03-10 17:22:00,105.0,,15,-1.0,-0.06666666666666667
2023-03-10 17:37:00,103.0,,15,-2.0,-0.13333333333333333
2023-03-10 17:52:00,98.0,,15,-5.0,-0.3333333333333333
2023-03-10 18:09:00,100.0,,17,2.0,0.11764705882352941
2023-03-10 18:20:00,103.0,,11,3.0,0.2727272727272727
2023-03-10 18:24:00,101.0,,4,-2.0,-0.5
2023-03-10 18:39:00,98.0,,15,-3.0,-0.2
2023-03-10 18:54:00,100.0,,15,2.0,0.13333333333333333
2023-03-10 19:09:00,102.0,,15,2.0,0.13333333333333333
2023-03-10 19:24:00,100.0,,15,-2.0,-0.13333333333333333
2023-03-10 19:39:00,96.0,,15,-4.0,-0.26666666666666666
2023-03-10 19:54:00,93.0,,15,-3.0,-0.2
2023-03-10 20:09:00,93.0,,15,0.0,0.0
2023-03-10 20:24:00,96.0,,15,3.0,0.2
2023-03-10 20:39:00,104.0,,15,8.0,0.5333333333333333
2023-03-10 20:54:00,117.0,,15,13.0,0.8666666666666667
2023-03-10 21:15:00,126.0,1200.0,21,9.0,0.42857142857142855
2023-03-11 02:57:00,115.0,,342,-11.0,-0.03216374269005848
2023-03-11 03:12:00,111.0,,15,-4.0,-0.26666666666666666
2023-03-11 03:27:00,109.0,,15,-2.0,-0.13333333333333333
2023-03-11 03:42:00,112.0,,15,3.0,0.2
2023-03-11 03:57:00,115.0,,15,3.0,0.2
2023-03-11 04:12:00,112.0,,15,-3.0,-0.2
2023-03-11 04:27:00,107.0,,15,-5.0,-0.3333333333333333
2023-03-11 04:42:00,103.0,,15,-4.0,-0.26666666666666666
2023-03-11 04:57:00,98.0,,15,-5.0,-0.3333333333333333
2023-03-11 05:12:00,92.0,,15,-6.0,-0.4
2023-03-11 05:27:00,92.0,,15,0.0,0.0
2023-03-11 05:42:00,94.0,,15,2.0,0.13333333333333333
2023-03-11 05:57:00,95.0,,15,1.0,0.06666666666666667
2023-03-11 06:12:00,95.0,,15,0.0,0.0
2023-03-11 06:27:00,94.0,,15,-1.0,-0.06666666666666667
2023-03-11 06:42:00,91.0,,15,-3.0,-0.2
2023-03-11 06:57:00,91.0,,15,0.0,0.0
2023-03-11 07:12:00,94.0,,15,3.0,0.2
2023-03-11 07:27:00,95.0,,15,1.0,0.06666666666666667
2023-03-11 07:42:00,96.0,,15,1.0,0.06666666666666667
2023-03-11 07:57:00,98.0,,15,2.0,0.13333333333333333
2023-03-11 08:12:00,96.0,,15,-2.0,-0.13333333333333333
2023-03-11 08:27:00,92.0,,15,-4.0,-0.26666666666666666
2023-03-11 08:42:00,94.0,,15,2.0,0.13333333333333333
2023-03-11 08:57:00,94.0,,15,0.0,0.0
2023-03-11 09:12:00,95.0,,15,1.0,0.06666666666666667
2023-03-11 09:27:00,100.0,,15,5.0,0.3333333333333333
2023-03-11 09:42:00,102.0,,15,2.0,0.13333333333333333
2023-03-11 09:57:00,102.0,,15,0.0,0.0
2023-03-11 10:12:00,106.0,,15,4.0,0.26666666666666666
2023-03-11 10:27:00,107.0,,15,1.0,0.06666666666666667
2023-03-11 10:43:00,102.0,,16,-5.0,-0.3125
2023-03-11 10:47:00,99.0,-8.0,4,-3.0,-0.75
2023-03-11 10:58:00,113.0,,11,14.0,1.2727272727272727
2023-03-11 11:13:00,141.0,,15,28.0,1.8666666666666667
2023-03-11 11:28:00,172.0,,15,31.0,2.066666666666667
2023-03-11 11:43:00,190.0,926.0,15,18.0,1.2
2023-03-11 11:45:00,160.0,,2,-30.0,-15.0
2023-03-11 12:00:00,118.0,,15,-42.0,-2.8
2023-03-11 12:15:00,99.0,,15,-19.0,-1.2666666666666666
2023-03-11 12:30:00,123.0,,15,24.0,1.6
2023-03-11 12:45:00,149.0,,15,26.0,1.7333333333333334
2023-03-11 13:00:00,150.0,,15,1.0,0.06666666666666667
2023-03-11 13:15:00,126.0,,15,-24.0,-1.6
2023-03-11 13:30:00,99.0,,15,-27.0,-1.8
2023-03-11 13:45:00,101.0,,15,2.0,0.13333333333333333
2023-03-11 14:00:00,109.0,,15,8.0,0.5333333333333333
2023-03-11 14:15:00,100.0,,15,-9.0,-0.6
2023-03-11 14:30:00,97.0,,15,-3.0,-0.2
2023-03-11 14:45:00,110.0,,15,13.0,0.8666666666666667
2023-03-11 15:00:00,124.0,,15,14.0,0.9333333333333333
2023-03-11 15:15:00,121.0,,15,-3.0,-0.2
2023-03-11 15:30:00,106.0,,15,-15.0,-1.0
2023-03-11 15:45:00,102.0,,15,-4.0,-0.26666666666666666
2023-03-11 16:00:00,105.0,,15,3.0,0.2
2023-03-11 16:15:00,102.0,,15,-3.0,-0.2
2023-03-11 16:30:00,98.0,,15,-4.0,-0.26666666666666666
2023-03-11 16:45:00,96.0,,15,-2.0,-0.13333333333333333
2023-03-11 17:00:00,96.0,,15,0.0,0.0
2023-03-11 17:15:00,98.0,,15,2.0,0.13333333333333333
2023-03-11 17:30:00,98.0,,15,0.0,0.0
2023-03-11 17:45:00,98.0,,15,0.0,0.0
2023-03-11 18:00:00,96.0,,15,-2.0,-0.13333333333333333
2023-03-11 18:15:00,95.0,,15,-1.0,-0.06666666666666667
2023-03-11 18:30:00,100.0,,15,5.0,0.3333333333333333
2023-03-11 18:45:00,100.0,,15,0.0,0.0
2023-03-11 19:00:00,99.0,,15,-1.0,-0.06666666666666667
2023-03-11 19:20:00,117.0,,20,18.0,0.9
2023-03-12 05:36:00,90.0,,616,-27.0,-0.04383116883116883
2023-03-12 05:51:00,90.0,,15,0.0,0.0
2023-03-12 06:06:00,90.0,,15,0.0,0.0
2023-03-12 06:21:00,90.0,,15,0.0,0.0
2023-03-12 06:36:00,89.0,,15,-1.0,-0.06666666666666667
2023-03-12 06:51:00,88.0,,15,-1.0,-0.06666666666666667
2023-03-12 07:06:00,86.0,,15,-2.0,-0.13333333333333333
2023-03-12 07:21:00,88.0,,15,2.0,0.13333333333333333
2023-03-12 07:36:00,87.0,,15,-1.0,-0.06666666666666667
2023-03-12 07:51:00,83.0,,15,-4.0,-0.26666666666666666
2023-03-12 08:06:00,84.0,,15,1.0,0.06666666666666667
2023-03-12 08:21:00,87.0,,15,3.0,0.2
2023-03-12 08:36:00,87.0,,15,0.0,0.0
2023-03-12 08:51:00,88.0,,15,1.0,0.06666666666666667
2023-03-12 09:06:00,89.0,,15,1.0,0.06666666666666667
2023-03-12 09:21:00,88.0,,15,-1.0,-0.06666666666666667
2023-03-12 09:36:00,89.0,,15,1.0,0.06666666666666667
2023-03-12 09:51:00,89.0,,15,0.0,0.0
2023-03-12 10:06:00,90.0,,15,1.0,0.06666666666666667
2023-03-12 10:21:00,91.0,,15,1.0,0.06666666666666667
2023-03-12 10:36:00,91.0,,15,0.0,0.0
2023-03-12 10:51:00,92.0,,15,1.0,0.06666666666666667
2023-03-12 11:06:00,92.0,,15,0.0,0.0
2023-03-12 11:21:00,90.0,,15,-2.0,-0.13333333333333333
2023-03-12 11:36:00,91.0,,15,1.0,0.06666666666666667
2023-03-12 11:51:00,94.0,,15,3.0,0.2
2023-03-12 12:06:00,95.0,,15,1.0,0.06666666666666667
2023-03-12 12:21:00,96.0,,15,1.0,0.06666666666666667
2023-03-12 12:36:00,98.0,,15,2.0,0.13333333333333333
2023-03-12 12:51:00,98.0,,15,0.0,0.0
2023-03-12 13:06:00,95.0,,15,-3.0,-0.2
2023-03-12 13:21:00,96.0,,15,1.0,0.06666666666666667
2023-03-12 13:34:00,94.0,1000.0,13,-2.0,-0.15384615384615385
2023-03-12 13:36:00,127.0,,2,33.0,16.5
2023-03-12 13:51:00,166.0,,15,39.0,2.6
2023-03-12 14:06:00,198.0,,15,32.0,2.1333333333333333
2023-03-12 14:21:00,221.0,,15,23.0,1.5333333333333334
2023-03-12 14:36:00,198.0,,15,-23.0,-1.5333333333333334
2023-03-12 14:51:00,154.0,,15,-44.0,-2.933333333333333
2023-03-12 15:06:00,139.0,,15,-15.0,-1.0
2023-03-12 15:21:00,127.0,,15,-12.0,-0.8
2023-03-12 15:36:00,114.0,,15,-13.0,-0.8666666666666667
2023-03-12 15:51:00,113.0,,15,-1.0,-0.06666666666666667
2023-03-12 16:06:00,128.0,,15,15.0,1.0
2023-03-12 16:21:00,152.0,,15,24.0,1.6
2023-03-12 16:36:00,146.0,,15,-6.0,-0.4
2023-03-12 16:51:00,119.0,,15,-27.0,-1.8
2023-03-12 17:06:00,111.0,,15,-8.0,-0.5333333333333333
2023-03-12 17:21:00,99.0,,15,-12.0,-0.8
2023-03-12 17:36:00,84.0,,15,-15.0,-1.0
2023-03-12 17:51:00,65.0,,15,-19.0,-1.2666666666666666
2023-03-12 18:06:00,76.0,,15,11.0,0.7333333333333333
2023-03-12 18:22:00,68.0,,16,-8.0,-0.5
2023-03-12 18:37:00,78.0,,15,10.0,0.6666666666666666
2023-03-12 18:52:00,79.0,,15,1.0,0.06666666666666667
2023-03-12 19:07:00,85.0,,15,6.0,0.4
2023-03-12 19:16:00,90.0,284.0,9,5.0,0.5555555555555556
2023-03-12 19:22:00,95.0,,6,5.0,0.8333333333333334
2023-03-12 19:35:00,113.0,,13,18.0,1.3846153846153846
2023-03-12 19:37:00,112.0,,2,-1.0,-0.5
2023-03-12 19:52:00,121.0,,15,9.0,0.6
2023-03-12 20:07:00,127.0,,15,6.0,0.4
2023-03-12 20:22:00,131.0,,15,4.0,0.26666666666666666
2023-03-12 20:37:00,121.0,,15,-10.0,-0.6666666666666666
2023-03-12 20:52:00,113.0,,15,-8.0,-0.5333333333333333
2023-03-12 21:08:00,108.0,,16,-5.0,-0.3125
2023-03-12 21:18:00,109.0,1000.0,10,1.0,0.1
2023-03-12 21:23:00,105.0,,5,-4.0,-0.8
2023-03-12 21:38:00,109.0,,15,4.0,0.26666666666666666
2023-03-12 21:53:00,112.0,,15,3.0,0.2
2023-03-12 22:08:00,120.0,,15,8.0,0.5333333333333333
2023-03-12 22:23:00,122.0,,15,2.0,0.13333333333333333
2023-03-12 22:38:00,112.0,,15,-10.0,-0.6666666666666666
2023-03-12 22:53:00,111.0,,15,-1.0,-0.06666666666666667
2023-03-12 23:08:00,128.0,,15,17.0,1.1333333333333333
2023-03-12 23:23:00,143.0,750.0,15,15.0,1.0
2023-03-12 23:38:00,130.0,,15,-13.0,-0.8666666666666667
2023-03-12 23:53:00,102.0,,15,-28.0,-1.8666666666666667
2023-03-12 23:55:00,66.0,,2,-36.0,-18.0
2023-03-13 00:08:00,111.0,,13,45.0,3.4615384615384617
2023-03-13 00:23:00,102.0,,15,-9.0,-0.6
2023-03-13 00:38:00,89.0,,15,-13.0,-0.8666666666666667
2023-03-13 00:53:00,98.0,,15,9.0,0.6
2023-03-13 01:08:00,102.0,,15,4.0,0.26666666666666666
2023-03-13 01:23:00,100.0,,15,-2.0,-0.13333333333333333
2023-03-13 01:38:00,95.0,,15,-5.0,-0.3333333333333333
2023-03-13 01:55:00,64.0,,17,-31.0,-1.8235294117647058
2023-03-13 04:27:00,98.0,,152,34.0,0.2236842105263158
2023-03-13 04:42:00,100.0,,15,2.0,0.13333333333333333
2023-03-13 04:57:00,100.0,,15,0.0,0.0
2023-03-13 05:12:00,98.0,,15,-2.0,-0.13333333333333333
2023-03-13 05:27:00,96.0,,15,-2.0,-0.13333333333333333
2023-03-13 05:42:00,95.0,,15,-1.0,-0.06666666666666667
2023-03-13 05:57:00,97.0,,15,2.0,0.13333333333333333
2023-03-13 06:12:00,99.0,,15,2.0,0.13333333333333333
2023-03-13 06:27:00,97.0,,15,-2.0,-0.13333333333333333
2023-03-13 06:42:00,96.0,,15,-1.0,-0.06666666666666667
2023-03-13 06:57:00,97.0,,15,1.0,0.06666666666666667
2023-03-13 07:12:00,99.0,,15,2.0,0.13333333333333333
2023-03-13 07:27:00,99.0,,15,0.0,0.0
2023-03-13 07:42:00,100.0,,15,1.0,0.06666666666666667
2023-03-13 07:57:00,101.0,,15,1.0,0.06666666666666667
2023-03-13 08:12:00,102.0,,15,1.0,0.06666666666666667
2023-03-13 08:27:00,101.0,,15,-1.0,-0.06666666666666667
2023-03-13 08:42:00,100.0,,15,-1.0,-0.06666666666666667
2023-03-13 08:57:00,99.0,,15,-1.0,-0.06666666666666667
2023-03-13 09:12:00,99.0,,15,0.0,0.0
2023-03-13 09:27:00,101.0,,15,2.0,0.13333333333333333
2023-03-13 09:42:00,104.0,,15,3.0,0.2
2023-03-13 09:57:00,105.0,,15,1.0,0.06666666666666667
2023-03-13 10:12:00,106.0,,15,1.0,0.06666666666666667
2023-03-13 10:27:00,113.0,,15,7.0,0.4666666666666667
2023-03-13 10:42:00,114.0,,15,1.0,0.06666666666666667
2023-03-13 10:57:00,109.0,,15,-5.0,-0.3333333333333333
2023-03-13 11:12:00,115.0,,15,6.0,0.4
2023-03-13 11:27:00,118.0,,15,3.0,0.2
2023-03-13 11:42:00,125.0,,15,7.0,0.4666666666666667
2023-03-13 11:57:00,146.0,,15,21.0,1.4
2023-03-13 12:13:00,177.0,159.0,16,31.0,1.9375
2023-03-13 12:14:00,165.0,,1,-12.0,-12.0
2023-03-13 12:29:00,159.0,,15,-6.0,-0.4
2023-03-13 12:44:00,133.0,,15,-26.0,-1.7333333333333334
2023-03-13 12:59:00,115.0,,15,-18.0,-1.2
2023-03-13 13:14:00,111.0,,15,-4.0,-0.26666666666666666
2023-03-13 13:29:00,114.0,,15,3.0,0.2
2023-03-13 13:44:00,116.0,,15,2.0,0.13333333333333333
2023-03-13 13:59:00,115.0,,15,-1.0,-0.06666666666666667
2023-03-13 14:14:00,114.0,,15,-1.0,-0.06666666666666667
2023-03-13 14:29:00,114.0,,15,0.0,0.0
2023-03-13 14:44:00,110.0,,15,-4.0,-0.26666666666666666
2023-03-13 14:59:00,109.0,,15,-1.0,-0.06666666666666667
2023-03-13 15:14:00,109.0,,15,0.0,0.0
2023-03-13 15:29:00,110.0,,15,1.0,0.06666666666666667
2023-03-13 15:44:00,114.0,,15,4.0,0.26666666666666666
2023-03-13 15:59:00,115.0,,15,1.0,0.06666666666666667
2023-03-13 16:14:00,112.0,,15,-3.0,-0.2
2023-03-13 16:29:00,128.0,,15,16.0,1.0666666666666667
2023-03-13 16:44:00,169.0,,15,41.0,2.7333333333333334
2023-03-13 16:59:00,185.0,,15,16.0,1.0666666666666667
2023-03-13 17:14:00,164.0,,15,-21.0,-1.4
2023-03-13 17:29:00,144.0,,15,-20.0,-1.3333333333333333
2023-03-13 17:44:00,133.0,,15,-11.0,-0.7333333333333333
2023-03-13 17:59:00,126.0,,15,-7.0,-0.4666666666666667
2023-03-13 18:14:00,133.0,,15,7.0,0.4666666666666667
2023-03-13 18:29:00,143.0,,15,10.0,0.6666666666666666
2023-03-13 18:44:00,139.0,,15,-4.0,-0.26666666666666666
2023-03-13 18:59:00,125.0,,15,-14.0,-0.9333333333333333
2023-03-13 19:14:00,114.0,1200.0,15,-11.0,-0.7333333333333333
2023-03-13 19:29:00,128.0,,15,14.0,0.9333333333333333
2023-03-13 19:44:00,115.0,,15,-13.0,-0.8666666666666667
2023-03-13 19:59:00,111.0,,15,-4.0,-0.26666666666666666
2023-03-13 20:14:00,113.0,,15,2.0,0.13333333333333333
2023-03-13 20:29:00,112.0,,15,-1.0,-0.06666666666666667
2023-03-13 20:46:00,118.0,,17,6.0,0.35294117647058826
2023-03-13 20:57:00,121.0,,11,3.0,0.2727272727272727
2023-03-13 21:01:00,121.0,,4,0.0,0.0
2023-03-13 21:16:00,120.0,,15,-1.0,-0.06666666666666667
2023-03-13 21:31:00,119.0,,15,-1.0,-0.06666666666666667
2023-03-13 21:46:00,123.0,,15,4.0,0.26666666666666666
2023-03-13 22:01:00,128.0,,15,5.0,0.3333333333333333
2023-03-13 22:16:00,123.0,,15,-5.0,-0.3333333333333333
2023-03-13 22:31:00,115.0,,15,-8.0,-0.5333333333333333
2023-03-13 22:46:00,121.0,,15,6.0,0.4
2023-03-13 23:01:00,129.0,,15,8.0,0.5333333333333333
2023-03-13 23:16:00,125.0,,15,-4.0,-0.26666666666666666
2023-03-13 23:31:00,121.0,,15,-4.0,-0.26666666666666666
2023-03-13 23:46:00,126.0,,15,5.0,0.3333333333333333
2023-03-14 00:01:00,126.0,,15,0.0,0.0
2023-03-14 00:16:00,110.0,,15,-16.0,-1.0666666666666667
2023-03-14 00:44:00,107.0,,28,-3.0,-0.10714285714285714
2023-03-14 03:34:00,109.0,,170,2.0,0.011764705882352941
2023-03-14 03:49:00,109.0,,15,0.0,0.0
2023-03-14 04:04:00,110.0,,15,1.0,0.06666666666666667
2023-03-14 04:19:00,109.0,,15,-1.0,-0.06666666666666667
2023-03-14 04:34:00,110.0,,15,1.0,0.06666666666666667
2023-03-14 04:49:00,113.0,,15,3.0,0.2
2023-03-14 05:04:00,113.0,,15,0.0,0.0
2023-03-14 05:19:00,112.0,,15,-1.0,-0.06666666666666667
2023-03-14 05:34:00,112.0,,15,0.0,0.0
2023-03-14 05:49:00,112.0,,15,0.0,0.0
2023-03-14 06:04:00,111.0,,15,-1.0,-0.06666666666666667
2023-03-14 06:19:00,111.0,,15,0.0,0.0
2023-03-14 06:34:00,112.0,,15,1.0,0.06666666666666667
2023-03-14 06:49:00,115.0,,15,3.0,0.2
2023-03-14 07:04:00,115.0,,15,0.0,0.0
2023-03-14 07:19:00,110.0,,15,-5.0,-0.3333333333333333
2023-03-14 07:34:00,111.0,,15,1.0,0.06666666666666667
2023-03-14 07:49:00,116.0,,15,5.0,0.3333333333333333
2023-03-14 08:04:00,115.0,,15,-1.0,-0.06666666666666667
2023-03-14 08:19:00,114.0,,15,-1.0,-0.06666666666666667
2023-03-14 08:34:00,114.0,,15,0.0,0.0
2023-03-14 08:49:00,116.0,,15,2.0,0.13333333333333333
2023-03-14 09:04:00,116.0,,15,0.0,0.0
2023-03-14 09:19:00,117.0,,15,1.0,0.06666666666666667
2023-03-14 09:34:00,120.0,,15,3.0,0.2
2023-03-14 09:49:00,119.0,,15,-1.0,-0.06666666666666667
2023-03-14 10:04:00,117.0,,15,-2.0,-0.13333333333333333
2023-03-14 10:19:00,116.0,,15,-1.0,-0.06666666666666667
2023-03-14 10:34:00,115.0,,15,-1.0,-0.06666666666666667
2023-03-14 10:49:00,125.0,,15,10.0,0.6666666666666666
2023-03-14 11:04:00,158.0,,15,33.0,2.2
2023-03-14 11:21:00,188.0,,17,30.0,1.7647058823529411
2023-03-14 11:26:00,181.0,1200.0,5,-7.0,-1.4
2023-03-14 11:36:00,159.0,,10,-22.0,-2.2
2023-03-14 11:51:00,131.0,,15,-28.0,-1.8666666666666667
2023-03-14 12:06:00,129.0,,15,-2.0,-0.13333333333333333
2023-03-14 12:21:00,139.0,,15,10.0,0.6666666666666666
2023-03-14 12:36:00,141.0,,15,2.0,0.13333333333333333
2023-03-14 12:51:00,138.0,,15,-3.0,-0.2
2023-03-14 13:06:00,130.0,,15,-8.0,-0.5333333333333333
2023-03-14 13:21:00,116.0,,15,-14.0,-0.9333333333333333
2023-03-14 13:36:00,118.0,,15,2.0,0.13333333333333333
2023-03-14 13:51:00,122.0,,15,4.0,0.26666666666666666
2023-03-14 14:06:00,119.0,,15,-3.0,-0.2
2023-03-14 14:21:00,121.0,,15,2.0,0.13333333333333333
2023-03-14 14:36:00,117.0,,15,-4.0,-0.26666666666666666
2023-03-14 14:51:00,108.0,,15,-9.0,-0.6
2023-03-14 15:06:00,105.0,,15,-3.0,-0.2
2023-03-14 15:21:00,106.0,,15,1.0,0.06666666666666667
2023-03-14 15:36:00,106.0,,15,0.0,0.0
2023-03-14 15:51:00,104.0,,15,-2.0,-0.13333333333333333
2023-03-14 16:06:00,103.0,,15,-1.0,-0.06666666666666667
2023-03-14 16:21:00,103.0,,15,0.0,0.0
2023-03-14 16:36:00,105.0,,15,2.0,0.13333333333333333
2023-03-14 16:51:00,106.0,,15,1.0,0.06666666666666667
2023-03-14 17:06:00,106.0,,15,0.0,0.0
2023-03-14 17:21:00,107.0,,15,1.0,0.06666666666666667
2023-03-14 17:36:00,119.0,,15,12.0,0.8
2023-03-14 17:51:00,150.0,,15,31.0,2.066666666666667
2023-03-14 18:06:00,172.0,,15,22.0,1.4666666666666666
2023-03-14 18:21:00,172.0,,15,0.0,0.0
2023-03-14 18:39:00,178.0,950.0,18,6.0,0.3333333333333333
2023-03-14 21:20:00,145.0,800.0,161,-33.0,-0.20496894409937888
2023-03-15 05:11:00,113.0,,471,-32.0,-0.06794055201698514
2023-03-15 05:26:00,112.0,,15,-1.0,-0.06666666666666667
2023-03-15 05:41:00,109.0,,15,-3.0,-0.2
2023-03-15 05:56:00,110.0,,15,1.0,0.06666666666666667
2023-03-15 06:11:00,110.0,,15,0.0,0.0
2023-03-15 06:26:00,110.0,,15,0.0,0.0
2023-03-15 06:41:00,111.0,,15,1.0,0.06666666666666667
2023-03-15 06:56:00,113.0,,15,2.0,0.13333333333333333
2023-03-15 07:11:00,111.0,,15,-2.0,-0.13333333333333333
2023-03-15 07:26:00,110.0,,15,-1.0,-0.06666666666666667
2023-03-15 07:41:00,112.0,,15,2.0,0.13333333333333333
2023-03-15 07:56:00,113.0,,15,1.0,0.06666666666666667
2023-03-15 08:11:00,109.0,,15,-4.0,-0.26666666666666666
2023-03-15 08:26:00,104.0,,15,-5.0,-0.3333333333333333
2023-03-15 08:41:00,103.0,,15,-1.0,-0.06666666666666667
2023-03-15 08:56:00,100.0,,15,-3.0,-0.2
2023-03-15 09:11:00,101.0,,15,1.0,0.06666666666666667
2023-03-15 09:26:00,104.0,,15,3.0,0.2
2023-03-15 09:41:00,106.0,,15,2.0,0.13333333333333333
2023-03-15 09:56:00,110.0,,15,4.0,0.26666666666666666
2023-03-15 10:11:00,114.0,,15,4.0,0.26666666666666666
2023-03-15 10:26:00,113.0,,15,-1.0,-0.06666666666666667
2023-03-15 10:41:00,116.0,,15,3.0,0.2
2023-03-15 10:56:00,117.0,,15,1.0,0.06666666666666667
2023-03-15 11:11:00,115.0,,15,-2.0,-0.13333333333333333
2023-03-15 11:26:00,117.0,,15,2.0,0.13333333333333333
2023-03-15 11:41:00,119.0,,15,2.0,0.13333333333333333
2023-03-15 11:56:00,121.0,,15,2.0,0.13333333333333333
2023-03-15 12:11:00,122.0,,15,1.0,0.06666666666666667
2023-03-15 12:26:00,119.0,,15,-3.0,-0.2
2023-03-15 12:41:00,118.0,,15,-1.0,-0.06666666666666667
2023-03-15 13:07:00,113.0,,26,-5.0,-0.19230769230769232
2023-03-15 13:29:00,117.0,,22,4.0,0.18181818181818182
2023-03-15 13:44:00,120.0,721.0,15,3.0,0.2
2023-03-15 13:59:00,122.0,,15,2.0,0.13333333333333333
2023-03-15 14:14:00,121.0,,15,-1.0,-0.06666666666666667
2023-03-15 14:29:00,122.0,,15,1.0,0.06666666666666667
2023-03-15 14:44:00,122.0,,15,0.0,0.0
2023-03-15 14:59:00,124.0,,15,2.0,0.13333333333333333
2023-03-15 15:14:00,129.0,,15,5.0,0.3333333333333333
2023-03-15 15:29:00,126.0,,15,-3.0,-0.2
2023-03-15 15:44:00,120.0,,15,-6.0,-0.4
2023-03-15 15:59:00,119.0,,15,-1.0,-0.06666666666666667
2023-03-15 16:14:00,119.0,,15,0.0,0.0
2023-03-15 16:29:00,123.0,,15,4.0,0.26666666666666666
2023-03-15 16:44:00,130.0,,15,7.0,0.4666666666666667
2023-03-15 16:59:00,133.0,,15,3.0,0.2
2023-03-15 17:14:00,130.0,,15,-3.0,-0.2
2023-03-15 17:29:00,127.0,,15,-3.0,-0.2
2023-03-15 17:44:00,123.0,,15,-4.0,-0.26666666666666666
2023-03-15 17:59:00,116.0,,15,-7.0,-0.4666666666666667
2023-03-15 18:14:00,112.0,,15,-4.0,-0.26666666666666666
2023-03-15 18:29:00,113.0,,15,1.0,0.06666666666666667
2023-03-15 18:44:00,110.0,,15,-3.0,-0.2
2023-03-15 18:59:00,109.0,,15,-1.0,-0.06666666666666667
2023-03-15 19:14:00,122.0,,15,13.0,0.8666666666666667
2023-03-15 19:29:00,131.0,,15,9.0,0.6
2023-03-15 19:44:00,130.0,,15,-1.0,-0.06666666666666667
2023-03-15 19:59:00,122.0,,15,-8.0,-0.5333333333333333
2023-03-15 20:14:00,120.0,,15,-2.0,-0.13333333333333333
2023-03-15 20:29:00,122.0,,15,2.0,0.13333333333333333
2023-03-15 20:44:00,123.0,,15,1.0,0.06666666666666667
2023-03-15 20:59:00,131.0,,15,8.0,0.5333333333333333
2023-03-15 21:14:00,126.0,,15,-5.0,-0.3333333333333333
2023-03-15 21:27:00,123.0,1500.0,13,-3.0,-0.23076923076923078
2023-03-15 21:29:00,119.0,,2,-4.0,-2.0
2023-03-15 21:44:00,126.0,,15,7.0,0.4666666666666667
2023-03-15 21:59:00,138.0,,15,12.0,0.8
2023-03-15 22:14:00,138.0,,15,0.0,0.0
2023-03-15 22:29:00,130.0,,15,-8.0,-0.5333333333333333
2023-03-15 22:44:00,127.0,,15,-3.0,-0.2
2023-03-15 22:59:00,126.0,,15,-1.0,-0.06666666666666667
2023-03-15 23:14:00,134.0,,15,8.0,0.5333333333333333
2023-03-15 23:29:00,135.0,,15,1.0,0.06666666666666667
2023-03-15 23:55:00,135.0,,26,0.0,0.0
2023-03-16 05:18:00,102.0,,323,-33.0,-0.1021671826625387
2023-03-16 05:33:00,109.0,,15,7.0,0.4666666666666667
2023-03-16 05:48:00,115.0,,15,6.0,0.4
2023-03-16 06:03:00,113.0,,15,-2.0,-0.13333333333333333
2023-03-16 06:18:00,109.0,,15,-4.0,-0.26666666666666666
2023-03-16 06:33:00,110.0,,15,1.0,0.06666666666666667
2023-03-16 06:48:00,111.0,,15,1.0,0.06666666666666667
2023-03-16 07:03:00,106.0,,15,-5.0,-0.3333333333333333
2023-03-16 07:18:00,103.0,,15,-3.0,-0.2
2023-03-16 07:33:00,109.0,,15,6.0,0.4
2023-03-16 07:48:00,113.0,,15,4.0,0.26666666666666666
2023-03-16 08:03:00,112.0,,15,-1.0,-0.06666666666666667
2023-03-16 08:18:00,110.0,,15,-2.0,-0.13333333333333333
2023-03-16 08:33:00,110.0,,15,0.0,0.0
2023-03-16 08:48:00,110.0,,15,0.0,0.0
2023-03-16 09:03:00,112.0,,15,2.0,0.13333333333333333
2023-03-16 09:18:00,113.0,,15,1.0,0.06666666666666667
2023-03-16 09:33:00,111.0,,15,-2.0,-0.13333333333333333
2023-03-16 09:48:00,112.0,,15,1.0,0.06666666666666667
2023-03-16 10:03:00,113.0,,15,1.0,0.06666666666666667
2023-03-16 10:18:00,112.0,,15,-1.0,-0.06666666666666667
2023-03-16 10:33:00,111.0,,15,-1.0,-0.06666666666666667
2023-03-16 10:48:00,112.0,,15,1.0,0.06666666666666667
2023-03-16 11:03:00,114.0,,15,2.0,0.13333333333333333
2023-03-16 11:18:00,116.0,,15,2.0,0.13333333333333333
2023-03-16 11:33:00,116.0,,15,0.0,0.0
2023-03-16 11:48:00,114.0,,15,-2.0,-0.13333333333333333
2023-03-16 12:03:00,115.0,,15,1.0,0.06666666666666667
2023-03-16 12:18:00,117.0,,15,2.0,0.13333333333333333
2023-03-16 12:33:00,118.0,,15,1.0,0.06666666666666667
2023-03-16 12:48:00,118.0,,15,0.0,0.0
2023-03-16 13:04:00,117.0,,16,-1.0,-0.0625
2023-03-16 13:11:00,116.0,,7,-1.0,-0.14285714285714285
2023-03-16 13:19:00,117.0,,8,1.0,0.125
2023-03-16 13:34:00,131.0,,15,14.0,0.9333333333333333
2023-03-16 13:49:00,157.0,,15,26.0,1.7333333333333334
2023-03-16 14:04:00,156.0,,15,-1.0,-0.06666666666666667
2023-03-16 14:19:00,129.0,,15,-27.0,-1.8
2023-03-16 14:34:00,123.0,,15,-6.0,-0.4
2023-03-16 14:49:00,137.0,,15,14.0,0.9333333333333333
2023-03-16 15:04:00,123.0,,15,-14.0,-0.9333333333333333
2023-03-16 15:19:00,92.0,,15,-31.0,-2.066666666666667
2023-03-16 15:34:00,87.0,,15,-5.0,-0.3333333333333333
2023-03-16 15:50:00,111.0,,16,24.0,1.5
2023-03-16 16:02:00,127.0,,12,16.0,1.3333333333333333
2023-03-16 16:05:00,125.0,,3,-2.0,-0.6666666666666666
2023-03-16 16:20:00,125.0,,15,0.0,0.0
2023-03-16 16:35:00,120.0,,15,-5.0,-0.3333333333333333
2023-03-16 16:50:00,124.0,,15,4.0,0.26666666666666666
2023-03-16 17:05:00,120.0,,15,-4.0,-0.26666666666666666
2023-03-16 17:20:00,109.0,,15,-11.0,-0.7333333333333333
2023-03-16 17:35:00,116.0,,15,7.0,0.4666666666666667
2023-03-16 17:50:00,134.0,,15,18.0,1.2
2023-03-16 18:06:00,159.0,,16,25.0,1.5625
2023-03-16 18:18:00,173.0,455.0,12,14.0,1.1666666666666667
2023-03-16 18:21:00,156.0,,3,-17.0,-5.666666666666667
2023-03-16 18:36:00,129.0,,15,-27.0,-1.8
2023-03-16 18:51:00,117.0,,15,-12.0,-0.8
2023-03-16 19:06:00,108.0,,15,-9.0,-0.6
2023-03-16 19:21:00,115.0,,15,7.0,0.4666666666666667
2023-03-16 19:36:00,137.0,,15,22.0,1.4666666666666666
2023-03-16 19:51:00,129.0,,15,-8.0,-0.5333333333333333
2023-03-16 20:06:00,117.0,,15,-12.0,-0.8
2023-03-16 20:21:00,118.0,,15,1.0,0.06666666666666667
2023-03-16 20:36:00,113.0,,15,-5.0,-0.3333333333333333
2023-03-16 20:51:00,107.0,,15,-6.0,-0.4
2023-03-16 21:06:00,109.0,,15,2.0,0.13333333333333333
2023-03-16 21:21:00,105.0,,15,-4.0,-0.26666666666666666
2023-03-16 21:36:00,99.0,,15,-6.0,-0.4
2023-03-16 21:51:00,106.0,,15,7.0,0.4666666666666667
2023-03-16 22:07:00,122.0,,16,16.0,1.0
2023-03-16 22:12:00,145.0,1200.0,5,23.0,4.6
2023-03-16 22:22:00,123.0,,10,-22.0,-2.2
2023-03-16 22:37:00,128.0,,15,5.0,0.3333333333333333
2023-03-16 22:52:00,138.0,,15,10.0,0.6666666666666666
2023-03-16 23:07:00,134.0,,15,-4.0,-0.26666666666666666
2023-03-16 23:22:00,125.0,,15,-9.0,-0.6
2023-03-16 23:37:00,126.0,,15,1.0,0.06666666666666667
2023-03-16 23:52:00,123.0,,15,-3.0,-0.2
2023-03-17 00:07:00,107.0,,15,-16.0,-1.0666666666666667
2023-03-17 00:22:00,104.0,,15,-3.0,-0.2
2023-03-17 00:44:00,125.0,,22,21.0,0.9545454545454546
2023-03-17 00:45:00,124.0,,1,-1.0,-1.0
